lubrication_method,count,avg_life,median_life,severity_mean,severity_0_rate,severity_3_rate
Drip Oil Feed Lubrication,40,468.4,412.5,1.275,0.4,0.325
Force Oil Feed Lubrication,24,400.9583333333333,389.5,2.0416666666666665,0.16666666666666666,0.5416666666666666
Grease Lubrication,945,407.5164021164021,404.0,1.1830687830687832,0.4486772486772487,0.2931216931216931
Not Available,6172,464.29082955281916,418.0,1.0644847699287103,0.4944912508101102,0.2512961762799741
Self Lubrication,46,399.0,388.0,1.5434782608695652,0.41304347826086957,0.4782608695652174
Shield/Sealed Bearing,34,354.02941176470586,250.0,1.411764705882353,0.4117647058823529,0.4117647058823529
